status,path,ext,top_dir,size_human,text_chars,chunks,doc_code,revision,card_path,extracted_path
needs_ocr_or_empty,03 GD Fabricacion LOI TES 6/WPS Y PQR/Cualificación de soldadores.pdf,pdf,03 GD Fabricacion LOI TES 6,2.3 MB,0,0,,,.yeyo-memory/cards/3796dc96b44e7d50.json,
needs_ocr_or_empty,03 GD Fabricacion LOI TES 6/WPS Y PQR/W.List - Unit 1 - 6MX-A.PDF,pdf,03 GD Fabricacion LOI TES 6,414 KB,0,0,,,.yeyo-memory/cards/d04e42988a166176.json,
needs_ocr_or_empty,04 GD Fabricacon LOI TES 3/Dibujo/1950201 - Placas de características selladas.pdf,pdf,04 GD Fabricacon LOI TES 3,2.1 MB,0,0,,,.yeyo-memory/cards/f0bcdacfe1005761.json,
needs_ocr_or_empty,04 GD Fabricacon LOI TES 3/Dibujo/1950201-DWG-003.00 NOZZLES.pdf,pdf,04 GD Fabricacon LOI TES 3,267 KB,0,0,,,.yeyo-memory/cards/79ac03806da3a39e.json,
needs_ocr_or_empty,04 GD Fabricacon LOI TES 3/Dibujo/1950201-DWG-004.00 SHELL&CHANNEL.pdf,pdf,04 GD Fabricacon LOI TES 3,1.2 MB,0,0,,,.yeyo-memory/cards/b3a08f26ca05d16b.json,
needs_ocr_or_empty,04 GD Fabricacon LOI TES 3/Dibujo/1950201-DWG-006.00 CHANNEL PARTITION.pdf,pdf,04 GD Fabricacon LOI TES 3,286 KB,0,0,,,.yeyo-memory/cards/6ad5c4e1fbe3cb67.json,
needs_ocr_or_empty,04 GD Fabricacon LOI TES 3/Dibujo/1950201-DWG-007.00 H1 SADDLES.pdf,pdf,04 GD Fabricacon LOI TES 3,534 KB,0,0,,,.yeyo-memory/cards/33f853bb1a779b4f.json,
needs_ocr_or_empty,04 GD Fabricacon LOI TES 3/Dibujo/1950201-DWG-007.00 H2 SADDLES.pdf,pdf,04 GD Fabricacon LOI TES 3,528 KB,0,0,,,.yeyo-memory/cards/a1cd27376f92999c.json,
needs_ocr_or_empty,04 GD Fabricacon LOI TES 3/Dibujo/1950201-DWG-100.00 NAME PLATE.pdf,pdf,04 GD Fabricacon LOI TES 3,266 KB,0,0,,,.yeyo-memory/cards/fc8bc31e9440c01c.json,
needs_ocr_or_empty,04 GD Fabricacon LOI TES 3/Dibujo/1950201-DWG-110.00 H1 TRASPORT.pdf,pdf,04 GD Fabricacon LOI TES 3,413 KB,0,0,,,.yeyo-memory/cards/8c31743e5f8ac2c2.json,
needs_ocr_or_empty,04 GD Fabricacon LOI TES 3/Dibujo/1950201-DWG-110.00 H2 TRASPORT.pdf,pdf,04 GD Fabricacon LOI TES 3,385 KB,0,0,,,.yeyo-memory/cards/f4630c301f8d3a2b.json,
needs_ocr_or_empty,04 GD Fabricacon LOI TES 3/Dossier final fabricacion/1950201-HElio-U1-6.pdf,pdf,04 GD Fabricacon LOI TES 3,3.5 MB,0,0,,,.yeyo-memory/cards/cd02df6b43a41454.json,
needs_ocr_or_empty,04 GD Fabricacon LOI TES 3/Dossier final fabricacion/9.1. HT REPORTS 1950201.pdf,pdf,04 GD Fabricacon LOI TES 3,3.9 MB,0,0,,,.yeyo-memory/cards/a75e80d9afc142fc.json,
needs_ocr_or_empty,04 GD Fabricacon LOI TES 3/Dossier final fabricacion/HELIO U1 y U2.pdf,pdf,04 GD Fabricacon LOI TES 3,167 KB,0,0,,,.yeyo-memory/cards/99392e682ae9051b.json,
needs_ocr_or_empty,04 GD Fabricacon LOI TES 3/Dossier final fabricacion/HELIO U3 y U4.pdf,pdf,04 GD Fabricacon LOI TES 3,164 KB,0,0,,,.yeyo-memory/cards/683fa1a8fdb71c65.json,
needs_ocr_or_empty,04 GD Fabricacon LOI TES 3/Dossier final fabricacion/Helio U1-5.pdf,pdf,04 GD Fabricacon LOI TES 3,2.8 MB,0,0,,,.yeyo-memory/cards/ff23731e13fdda83.json,
needs_ocr_or_empty,04 GD Fabricacon LOI TES 3/Imagenes/20210504 HEX Lointek 3.pdf,pdf,04 GD Fabricacon LOI TES 3,4.8 MB,0,0,,,.yeyo-memory/cards/9629df052a25f050.json,
needs_ocr_or_empty,04 GD Fabricacon LOI TES 3/Legalizacion (UDS)/Certificado UDS PE/1950201-UDS-001-00 Oil to Salt HEX.pdf,pdf,04 GD Fabricacon LOI TES 3,582 KB,0,0,,,.yeyo-memory/cards/5560811e3b8f462a.json,
needs_ocr_or_empty,05 GD Fabricación Tecnica de Compra/Bomba drenaje sal/AZ-18031409_01-01.pdf,pdf,05 GD Fabricación Tecnica de Compra,98 KB,0,0,,,.yeyo-memory/cards/62a7836081e27441.json,
needs_ocr_or_empty,05 GD Fabricación Tecnica de Compra/Bomba drenaje sal/W103387-5-10010-GAD-18081405-00.pdf,pdf,05 GD Fabricación Tecnica de Compra,123 KB,0,0,,,.yeyo-memory/cards/bff252930b90a752.json,
needs_ocr_or_empty,06 Especificaciones Tecnicas/Tuberia/07.3-Technical Specifications.pdf,pdf,06 Especificaciones Tecnicas,9.2 MB,0,0,,,.yeyo-memory/cards/d17ce96ff96bac12.json,
needs_ocr_or_empty,06 Especificaciones Tecnicas/Tuberia/4521-ESP-ANC-00-61-PS002.pdf,pdf,06 Especificaciones Tecnicas,935 KB,0,0,4521-ESP-ANC-00-61-PS002,,.yeyo-memory/cards/6c7c50c06095928f.json,
needs_ocr_or_empty,09 Miscelanea/boreholes_Proposed locations.pdf,pdf,09 Miscelanea,258 KB,0,0,,,.yeyo-memory/cards/d5ed970bb1248f4a.json,
needs_ocr_or_empty,13_Documentos de Inspección Final/418-2nd-Floor-1_20210826_114012_002579.pdf,pdf,13_Documentos de Inspección Final,425 KB,0,0,,,.yeyo-memory/cards/83360f0924129b88.json,
needs_ocr_or_empty,13_Documentos de Inspección Final/418-2nd-Floor-1_20210826_114035_002581.pdf,pdf,13_Documentos de Inspección Final,291 KB,0,0,,,.yeyo-memory/cards/3de950f56bbc2021.json,
needs_ocr_or_empty,13_Documentos de Inspección Final/418-2nd-Floor-1_20210826_114139_002583.pdf,pdf,13_Documentos de Inspección Final,320 KB,0,0,,,.yeyo-memory/cards/f9bd24158ed0f674.json,
needs_ocr_or_empty,13_Documentos de Inspección Final/418-2nd-Floor-1_20210826_114200_002585.pdf,pdf,13_Documentos de Inspección Final,371 KB,0,0,,,.yeyo-memory/cards/b32904547abc1d47.json,
needs_ocr_or_empty,13_Documentos de Inspección Final/S2009117-Solana HEX Planing.pdf,pdf,13_Documentos de Inspección Final,13 MB,0,0,,,.yeyo-memory/cards/ccf9c9475ae19f15.json,
needs_ocr_or_empty,Documentacion con sello PE 08/Paquete de construccion SMWP/M&P/ESP/07.3-Technical Specifications.pdf,pdf,Documentacion con sello PE 08,9.2 MB,0,0,,,.yeyo-memory/cards/1827ecd6bc2978e4.json,
needs_ocr_or_empty,Documentos en Servidor Atlántica/260422 01 Información Partida/01 P&ID Hl/E87-15-3020-FT-026-000001 P&ID.pdf,pdf,Documentos en Servidor Atlántica,769 KB,0,0,,,.yeyo-memory/cards/7b4057817fa0926f.json,
needs_ocr_or_empty,Documentos en Servidor Atlántica/260422 01 Información Partida/01 P&ID Hl/E87-15-3020-FT-026-000002 P&ID.pdf,pdf,Documentos en Servidor Atlántica,276 KB,0,0,,,.yeyo-memory/cards/833e6789cc42e936.json,
needs_ocr_or_empty,Documentos en Servidor Atlántica/260422 01 Información Partida/01 P&ID Hl/E87-15-3020-FT-026-000003 P&ID.pdf,pdf,Documentos en Servidor Atlántica,746 KB,0,0,,,.yeyo-memory/cards/38a3454d82a89521.json,
needs_ocr_or_empty,Documentos en Servidor Atlántica/260422 01 Información Partida/01 P&ID Hl/E87-15-3020-FT-026-000004 P&ID.pdf,pdf,Documentos en Servidor Atlántica,1.6 MB,0,0,,,.yeyo-memory/cards/082b00e8adf64e0c.json,
needs_ocr_or_empty,Documentos en Servidor Atlántica/260422 01 Información Partida/01 P&ID Hl/E87-15-3020-FT-026-000005 P&ID.pdf,pdf,Documentos en Servidor Atlántica,1021 KB,0,0,,,.yeyo-memory/cards/e95d709660e38186.json,
needs_ocr_or_empty,Documentos en Servidor Atlántica/260422 01 Información Partida/01 P&ID Hl/E87-15-3020-FT-026-000006 P&ID.pdf,pdf,Documentos en Servidor Atlántica,762 KB,0,0,,,.yeyo-memory/cards/7a53c10b8e5323c4.json,
needs_ocr_or_empty,Documentos en Servidor Atlántica/260422 01 Información Partida/01 P&ID Hl/E87-15-3020-FT-026-000007 P&ID.pdf,pdf,Documentos en Servidor Atlántica,642 KB,0,0,,,.yeyo-memory/cards/2bda54f1380c9916.json,
needs_ocr_or_empty,Documentos en Servidor Atlántica/260422 01 Información Partida/03 H&M Balances/Combine Balances H&M.pdf,pdf,Documentos en Servidor Atlántica,38 MB,0,0,,,.yeyo-memory/cards/004e874419245251.json,
needs_ocr_or_empty,Documentos en Servidor Atlántica/260422 01 Información Partida/05 Cimentacion Kaxu/0328-PLN-ARS-75-51-0001_Rev04 On-site layout TES Detail.pdf,pdf,Documentos en Servidor Atlántica,571 KB,0,0,0328-PLN-ARS-75-51-,,.yeyo-memory/cards/6dbde9d6ea667f13.json,
needs_ocr_or_empty,Documentos en Servidor Atlántica/260422 01 Información Partida/05 Cimentacion Kaxu/0328-PLN-ARS-75-52-0001_Rev03 Pipe's distribution.pdf,pdf,Documentos en Servidor Atlántica,1.5 MB,0,0,0328-PLN-ARS-75-52-,,.yeyo-memory/cards/3f469b7aff931fe9.json,
needs_ocr_or_empty,Documentos en Servidor Atlántica/260422 01 Información Partida/05 Cimentacion Kaxu/0328-PLN-ARS-75-52-0002_Rev 04 Geometry and Sections Detail.pdf,pdf,Documentos en Servidor Atlántica,1.1 MB,0,0,0328-PLN-ARS-75-52-,,.yeyo-memory/cards/d9a7d3612b9e9cae.json,
needs_ocr_or_empty,Documentos en Servidor Atlántica/260422 01 Información Partida/05 Cimentacion Kaxu/0328-PLN-ARS-75-52-0003_Rev07 Details Detail.pdf,pdf,Documentos en Servidor Atlántica,1.4 MB,0,0,0328-PLN-ARS-75-52-,,.yeyo-memory/cards/45124712d4f16bd8.json,
needs_ocr_or_empty,Documentos en Servidor Atlántica/260422 01 Información Partida/05 Cimentacion Kaxu/0328-PLN-ARS-75-52-0004_Rev04 Details of Welding Detail.pdf,pdf,Documentos en Servidor Atlántica,771 KB,0,0,0328-PLN-ARS-75-52-,,.yeyo-memory/cards/0a16b059c2324c8a.json,
needs_ocr_or_empty,Documentos en Servidor Atlántica/260422 01 Información Partida/05 Cimentacion Kaxu/0328-PLN-ARS-75-52-0005_Rev05 Thermocouples Thermocouples.pdf,pdf,Documentos en Servidor Atlántica,1.1 MB,0,0,0328-PLN-ARS-75-52-,,.yeyo-memory/cards/a27225bde332eb1f.json,
needs_ocr_or_empty,Documentos en Servidor Atlántica/260422_02 LIS cargas Sc y Hl/Combine Unifilar Hl.pdf,pdf,Documentos en Servidor Atlántica,502 KB,0,0,,,.yeyo-memory/cards/75209b1fcbf07e85.json,
needs_ocr_or_empty,Documentos en Servidor Atlántica/Antiguo/01 Información Partida/01 P&ID Hl/E87-15-3020-FT-026-000001 P&ID.pdf,pdf,Documentos en Servidor Atlántica,769 KB,0,0,,,.yeyo-memory/cards/76d3963821a4052a.json,
needs_ocr_or_empty,Documentos en Servidor Atlántica/Antiguo/01 Información Partida/01 P&ID Hl/E87-15-3020-FT-026-000002 P&ID.pdf,pdf,Documentos en Servidor Atlántica,276 KB,0,0,,,.yeyo-memory/cards/4e911b5708ec12b0.json,
needs_ocr_or_empty,Documentos en Servidor Atlántica/Antiguo/01 Información Partida/01 P&ID Hl/E87-15-3020-FT-026-000003 P&ID.pdf,pdf,Documentos en Servidor Atlántica,746 KB,0,0,,,.yeyo-memory/cards/fa8fecef6a9c6cf5.json,
needs_ocr_or_empty,Documentos en Servidor Atlántica/Antiguo/01 Información Partida/01 P&ID Hl/E87-15-3020-FT-026-000004 P&ID.pdf,pdf,Documentos en Servidor Atlántica,1.6 MB,0,0,,,.yeyo-memory/cards/9601e2f5c9333972.json,
needs_ocr_or_empty,Documentos en Servidor Atlántica/Antiguo/01 Información Partida/01 P&ID Hl/E87-15-3020-FT-026-000005 P&ID.pdf,pdf,Documentos en Servidor Atlántica,1021 KB,0,0,,,.yeyo-memory/cards/660b5dc0c81c35a0.json,
needs_ocr_or_empty,Documentos en Servidor Atlántica/Antiguo/01 Información Partida/01 P&ID Hl/E87-15-3020-FT-026-000006 P&ID.pdf,pdf,Documentos en Servidor Atlántica,762 KB,0,0,,,.yeyo-memory/cards/66db172eb1adab5e.json,
needs_ocr_or_empty,Documentos en Servidor Atlántica/Antiguo/01 Información Partida/01 P&ID Hl/E87-15-3020-FT-026-000007 P&ID.pdf,pdf,Documentos en Servidor Atlántica,642 KB,0,0,,,.yeyo-memory/cards/509d129fdc2fe04b.json,
needs_ocr_or_empty,Documentos en Servidor Atlántica/Antiguo/01 Información Partida/03 H&M Balances/Combine Balances H&M.pdf,pdf,Documentos en Servidor Atlántica,38 MB,0,0,,,.yeyo-memory/cards/6f2ecdf07ce7de11.json,
needs_ocr_or_empty,Helios Sole/Helios I/2.3 Estudio SyS HI.pdf,pdf,Helios Sole,6.2 MB,0,0,,,.yeyo-memory/cards/5d8137d0020b1747.json,
needs_ocr_or_empty,Helios Sole/Helios I/3.3.1 Resolucion DIA HI.pdf,pdf,Helios Sole,5.6 MB,0,0,,,.yeyo-memory/cards/298c99ceec2f89b3.json,
needs_ocr_or_empty,Helios Sole/Helios I/3.3.3 Acta señalamiento HI.pdf,pdf,Helios Sole,2.7 MB,0,0,,,.yeyo-memory/cards/c4919a23520db284.json,
needs_ocr_or_empty,Helios Sole/Helios I/3.3.4 Cumplimiento DIA HI.pdf,pdf,Helios Sole,1.9 MB,0,0,,,.yeyo-memory/cards/06ef8a243faf2b19.json,
needs_ocr_or_empty,Helios Sole/Helios I/3.3.5 DIA balsa.pdf,pdf,Helios Sole,2.8 MB,0,0,,,.yeyo-memory/cards/943db98c723777bb.json,
needs_ocr_or_empty,Helios Sole/Helios I/5.10 AT/5.10.1 LAAT - LSAT H I/2046-PLN-INA-23-22-0001 Principal y redundante Helios I.pdf,pdf,Helios Sole,178 KB,0,0,2046-PLN-INA-23-22-0001,,.yeyo-memory/cards/71751f134851606e.json,
needs_ocr_or_empty,Helios Sole/Helios I/5.10 AT/5.10.1 LAAT - LSAT H I/2046-PLN-INA-23-22-0002 Principal y redundante Helios II.pdf,pdf,Helios Sole,184 KB,0,0,2046-PLN-INA-23-22-0002,,.yeyo-memory/cards/1425f5ebe82d97a0.json,
needs_ocr_or_empty,Helios Sole/Helios I/5.10 AT/5.10.1 LAAT - LSAT H I/2046-PLN-INA-23-22-0003 Principal y comprobante.pdf,pdf,Helios Sole,189 KB,0,0,2046-PLN-INA-23-22-0003,,.yeyo-memory/cards/b0e659f6ba1f0638.json,
needs_ocr_or_empty,Helios Sole/Helios I/5.10 AT/5.10.1 LAAT - LSAT H I/2046-PLN-INA-23-22-0101 rev 00 Unifilar general.pdf,pdf,Helios Sole,202 KB,0,0,2046-PLN-INA-23-22-0101,rev 00,.yeyo-memory/cards/5c86953768b164fe.json,
needs_ocr_or_empty,Helios Sole/Helios I/5.10 AT/5.10.1 LAAT - LSAT H I/2046-PLN-INA-23-22-0101 rev 01 Unifilar general.pdf,pdf,Helios Sole,292 KB,0,0,2046-PLN-INA-23-22-0101,rev 01,.yeyo-memory/cards/0d29cc52dec122ef.json,
needs_ocr_or_empty,Helios Sole/Helios I/5.10 AT/5.10.1 LAAT - LSAT H I/5.10.1.3 Certificado LAAT.pdf,pdf,Helios Sole,214 KB,0,0,,,.yeyo-memory/cards/a6509c308c1a4074.json,
needs_ocr_or_empty,Helios Sole/Helios I/5.10 AT/5.10.1 LAAT - LSAT H I/5.10.1.3 Certificado LSAT.pdf,pdf,Helios Sole,216 KB,0,0,,,.yeyo-memory/cards/9789c3dd1f245664.json,
needs_ocr_or_empty,Helios Sole/Helios I/5.10 AT/5.10.1 LAAT - LSAT H I/5.10.1.4 Cert OCA LSAT.pdf,pdf,Helios Sole,130 KB,0,0,,,.yeyo-memory/cards/9d7856aea69d91a6.json,
needs_ocr_or_empty,Helios Sole/Helios I/5.10 AT/5.10.1 LAAT - LSAT H I/5.10.1.5 Acreditacion AT.pdf,pdf,Helios Sole,487 KB,0,0,,,.yeyo-memory/cards/30cddc43bc4982de.json,
needs_ocr_or_empty,Helios Sole/Helios I/5.10 AT/5.10.1 LAAT - LSAT H I/5.10.1.6 Contrato Mto AT HI.pdf,pdf,Helios Sole,127 KB,0,0,,,.yeyo-memory/cards/ebcffbfb2313a6cd.json,
needs_ocr_or_empty,Helios Sole/Helios I/5.10 AT/5.10.1 LAAT - LSAT H I/5.10.1.7 Formulario LAAT parcial.pdf,pdf,Helios Sole,347 KB,0,0,,,.yeyo-memory/cards/478339824fd50793.json,
needs_ocr_or_empty,Helios Sole/Helios I/5.10 AT/5.10.1 LAAT - LSAT H I/5.10.1.7 Formulario LAT.pdf,pdf,Helios Sole,371 KB,0,0,,,.yeyo-memory/cards/e00f7e0051dc36f0.json,
needs_ocr_or_empty,Helios Sole/Helios I/5.10 AT/5.10.1 LAAT - LSAT H I/E87-15-3005-SE-021-000001 rev 00 Unifilar general.pdf,pdf,Helios Sole,202 KB,0,0,,rev 00,.yeyo-memory/cards/8473ff7f9ecd9502.json,
needs_ocr_or_empty,Helios Sole/Helios I/5.10 AT/5.10.1 LAAT - LSAT H I/E87-15-3005-SE-022-000002 rev 01 Línea L1 Helios I.pdf,pdf,Helios Sole,2.5 MB,0,0,,rev 01,.yeyo-memory/cards/b394a9f58847cd2b.json,
needs_ocr_or_empty,Helios Sole/Helios I/5.10 AT/5.10.1 LAAT - LSAT H I/E87-15-3005-SE-022-000003 rev 01 Línea L2 Helios II.pdf,pdf,Helios Sole,2.5 MB,0,0,,rev 01,.yeyo-memory/cards/ca69169bc03a7a80.json,
needs_ocr_or_empty,Helios Sole/Helios I/5.10 AT/5.10.1 LAAT - LSAT H I/E87-15-3005-SE-022-000004 rev 01 Línea L3 Arenas de San Juan.pdf,pdf,Helios Sole,3.2 MB,0,0,,rev 01,.yeyo-memory/cards/a759157d5bfcd8af.json,
needs_ocr_or_empty,Helios Sole/Helios I/5.10 AT/5.10.2 SE Colectora/2046-PLN-INA-23-22-0001 Principal y redundante Helios I.pdf,pdf,Helios Sole,178 KB,0,0,2046-PLN-INA-23-22-0001,,.yeyo-memory/cards/5c5c1539a7a0cdca.json,
needs_ocr_or_empty,Helios Sole/Helios I/5.10 AT/5.10.2 SE Colectora/2046-PLN-INA-23-22-0002 Principal y redundante Helios II.pdf,pdf,Helios Sole,184 KB,0,0,2046-PLN-INA-23-22-0002,,.yeyo-memory/cards/ef68d9bde9c2ba93.json,
needs_ocr_or_empty,Helios Sole/Helios I/5.10 AT/5.10.2 SE Colectora/2046-PLN-INA-23-22-0003 Principal y comprobante.pdf,pdf,Helios Sole,189 KB,0,0,2046-PLN-INA-23-22-0003,,.yeyo-memory/cards/1e0a0e3d7c837347.json,
needs_ocr_or_empty,Helios Sole/Helios I/5.10 AT/5.10.2 SE Colectora/2046-PLN-INA-23-22-0101 rev 00 Unifilar general.pdf,pdf,Helios Sole,202 KB,0,0,2046-PLN-INA-23-22-0101,rev 00,.yeyo-memory/cards/af97b2deafab4850.json,
needs_ocr_or_empty,Helios Sole/Helios I/5.10 AT/5.10.2 SE Colectora/2046-PLN-INA-23-22-0101 rev 01 Unifilar general.pdf,pdf,Helios Sole,292 KB,0,0,2046-PLN-INA-23-22-0101,rev 01,.yeyo-memory/cards/f5c4390366da354f.json,
needs_ocr_or_empty,Helios Sole/Helios I/5.10 AT/5.10.2 SE Colectora/5.10.2.3 Certificado Instalacion.pdf,pdf,Helios Sole,211 KB,0,0,,,.yeyo-memory/cards/fe6ea111d74be513.json,
needs_ocr_or_empty,Helios Sole/Helios I/5.10 AT/5.10.2 SE Colectora/5.10.2.5 Acreditacion AT.pdf,pdf,Helios Sole,487 KB,0,0,,,.yeyo-memory/cards/0ac6d4fb2e8f91da.json,
needs_ocr_or_empty,Helios Sole/Helios I/5.10 AT/5.10.2 SE Colectora/5.10.2.5 Acreditacion BT.pdf,pdf,Helios Sole,1.1 MB,0,0,,,.yeyo-memory/cards/d0725e0531fafb0b.json,
needs_ocr_or_empty,Helios Sole/Helios I/5.10 AT/5.10.2 SE Colectora/5.10.2.6 Protocolo ensayo trafo.pdf,pdf,Helios Sole,1.6 MB,0,0,,,.yeyo-memory/cards/5174264586825114.json,
needs_ocr_or_empty,Helios Sole/Helios I/5.10 AT/5.10.2 SE Colectora/5.10.2.7 Contrato Mto AT HI.pdf,pdf,Helios Sole,127 KB,0,0,,,.yeyo-memory/cards/74922bdc12031682.json,
needs_ocr_or_empty,Helios Sole/Helios I/5.10 AT/5.10.2 SE Colectora/5.10.2.8 Solicitud APM.pdf,pdf,Helios Sole,53 KB,0,0,,,.yeyo-memory/cards/dd38091f5a7432eb.json,
needs_ocr_or_empty,Helios Sole/Helios I/5.10 AT/5.10.2 SE Colectora/E87-15-3005-SE-021-000001 rev 00 Unifilar general.pdf,pdf,Helios Sole,202 KB,0,0,,rev 00,.yeyo-memory/cards/9bb39135d9936861.json,
needs_ocr_or_empty,Helios Sole/Helios I/5.10 AT/5.10.2 SE Colectora/E87-15-3005-SE-022-000002 rev 01 Línea L1 Helios I.pdf,pdf,Helios Sole,2.5 MB,0,0,,rev 01,.yeyo-memory/cards/def667f3ff414bd5.json,
needs_ocr_or_empty,Helios Sole/Helios I/5.10 AT/5.10.2 SE Colectora/E87-15-3005-SE-022-000003 rev 01 Línea L2 Helios II.pdf,pdf,Helios Sole,2.5 MB,0,0,,rev 01,.yeyo-memory/cards/9238fee1f3bcb698.json,
needs_ocr_or_empty,Helios Sole/Helios I/5.10 AT/5.10.2 SE Colectora/E87-15-3005-SE-022-000004 rev 01 Línea L3 Arenas de San Juan.pdf,pdf,Helios Sole,3.2 MB,0,0,,rev 01,.yeyo-memory/cards/5185b76193873bf3.json,
needs_ocr_or_empty,Helios Sole/Helios I/5.10 AT/5.10.3 Linea auxiliar 15 kV/5.10.3.10 Carta no AA.pdf,pdf,Helios Sole,392 KB,0,0,,,.yeyo-memory/cards/c9d796ef85acd183.json,
needs_ocr_or_empty,Helios Sole/Helios I/5.10 AT/5.10.3 Linea auxiliar 15 kV/5.10.3.11 Solicitud APM linea 15 kV.pdf,pdf,Helios Sole,64 KB,0,0,,,.yeyo-memory/cards/17fc3e733057041c.json,
needs_ocr_or_empty,Helios Sole/Helios I/5.10 AT/5.10.3 Linea auxiliar 15 kV/5.10.3.12 APM.pdf,pdf,Helios Sole,132 KB,0,0,,,.yeyo-memory/cards/f089fd90f088e7dd.json,
needs_ocr_or_empty,Helios Sole/Helios I/5.10 AT/5.10.3 Linea auxiliar 15 kV/5.10.3.3 CIAT.pdf,pdf,Helios Sole,234 KB,0,0,,,.yeyo-memory/cards/5c44b6386dae9061.json,
needs_ocr_or_empty,Helios Sole/Helios I/5.10 AT/5.10.3 Linea auxiliar 15 kV/5.10.3.4 Acreditacion AT.pdf,pdf,Helios Sole,487 KB,0,0,,,.yeyo-memory/cards/5413efeb7a829668.json,
needs_ocr_or_empty,Helios Sole/Helios I/5.10 AT/5.10.3 Linea auxiliar 15 kV/5.10.3.5 Certificado OCA.pdf,pdf,Helios Sole,209 KB,0,0,,,.yeyo-memory/cards/1ad290fd58efca30.json,
needs_ocr_or_empty,Helios Sole/Helios I/5.10 AT/5.10.3 Linea auxiliar 15 kV/5.10.3.5 Certificado pruebas.pdf,pdf,Helios Sole,441 KB,0,0,,,.yeyo-memory/cards/0e492ab257a94182.json,
needs_ocr_or_empty,Helios Sole/Helios I/5.10 AT/5.10.3 Linea auxiliar 15 kV/5.10.3.6 Contrato Mto AT HI.pdf,pdf,Helios Sole,127 KB,0,0,,,.yeyo-memory/cards/daf6be7c50f2a9e7.json,
needs_ocr_or_empty,Helios Sole/Helios I/5.10 AT/5.10.3 Linea auxiliar 15 kV/5.10.3.7 Cambio titularidad.pdf,pdf,Helios Sole,99 KB,0,0,,,.yeyo-memory/cards/216e9f6161768b50.json,
needs_ocr_or_empty,Helios Sole/Helios I/5.10 AT/5.10.3 Linea auxiliar 15 kV/5.10.3.8 Presentacion proyecto.pdf,pdf,Helios Sole,91 KB,0,0,,,.yeyo-memory/cards/5b1cf5a85129a4fd.json,
needs_ocr_or_empty,Helios Sole/Helios I/5.10 AT/5.10.3 Linea auxiliar 15 kV/5.10.3.9 Solicitud baja instalaciones.pdf,pdf,Helios Sole,42 KB,0,0,,,.yeyo-memory/cards/dc29467a7da0aa67.json,
needs_ocr_or_empty,Helios Sole/Helios I/5.10 AT/5.10.4 SE Elevadora HI/5.10.4.3 Cert Instalacion.pdf,pdf,Helios Sole,115 KB,0,0,,,.yeyo-memory/cards/fc0741dbf8daa6fb.json,
needs_ocr_or_empty,Helios Sole/Helios I/5.10 AT/5.10.4 SE Elevadora HI/5.10.4.4 Cert PyC.pdf,pdf,Helios Sole,407 KB,0,0,,,.yeyo-memory/cards/4139d7a48a27a571.json,
needs_ocr_or_empty,Helios Sole/Helios I/5.10 AT/5.10.4 SE Elevadora HI/5.10.4.5 Acreditacion AT.pdf,pdf,Helios Sole,487 KB,0,0,,,.yeyo-memory/cards/ba29588f3ea7c37f.json,
needs_ocr_or_empty,Helios Sole/Helios I/5.10 AT/5.10.4 SE Elevadora HI/5.10.4.5 Acreditacion BT.pdf,pdf,Helios Sole,1.1 MB,0,0,,,.yeyo-memory/cards/94b71b40e9a2e94d.json,
needs_ocr_or_empty,Helios Sole/Helios I/5.10 AT/5.10.4 SE Elevadora HI/5.10.4.6 Protocolo ensayos trafo.pdf,pdf,Helios Sole,4.3 MB,0,0,,,.yeyo-memory/cards/6fda54597fab5461.json,
needs_ocr_or_empty,Helios Sole/Helios I/5.10 AT/5.10.4 SE Elevadora HI/5.10.4.7 Contrato Mto AT HI.pdf,pdf,Helios Sole,127 KB,0,0,,,.yeyo-memory/cards/066c2646f97c41c0.json,
needs_ocr_or_empty,Helios Sole/Helios I/5.10 AT/5.10.4 SE Elevadora HI/5.10.4.8 Formulario SE Elevadora HI.pdf,pdf,Helios Sole,363 KB,0,0,,,.yeyo-memory/cards/6e197fda230314c1.json,
needs_ocr_or_empty,Helios Sole/Helios I/5.10 AT/5.10.5 AT HI/5.10.5.3 CIEAT HI.pdf,pdf,Helios Sole,217 KB,0,0,,,.yeyo-memory/cards/5c41efb771756bf5.json,
needs_ocr_or_empty,Helios Sole/Helios I/5.10 AT/5.10.5 AT HI/5.10.5.5 Acreditacion AT.pdf,pdf,Helios Sole,487 KB,0,0,,,.yeyo-memory/cards/07daef04e01a988d.json,
needs_ocr_or_empty,Helios Sole/Helios I/5.10 AT/5.10.5 AT HI/5.10.5.5 Acreditacion BT.pdf,pdf,Helios Sole,1.1 MB,0,0,,,.yeyo-memory/cards/c0a9d981ceb071f2.json,
needs_ocr_or_empty,Helios Sole/Helios I/5.10 AT/5.10.5 AT HI/5.10.5.7 Contrato Mto AT HI.pdf,pdf,Helios Sole,127 KB,0,0,,,.yeyo-memory/cards/43a2e9e5d7d8890f.json,
needs_ocr_or_empty,Helios Sole/Helios I/5.10 AT/5.10.5 AT HI/5.10.5.8 Formulario AT HI.pdf,pdf,Helios Sole,381 KB,0,0,,,.yeyo-memory/cards/9e4106dc4e19c0b7.json,
needs_ocr_or_empty,Helios Sole/Helios I/5.10 AT/Líneas 15 kV/110414175639_0001 Plano Abener.pdf,pdf,Helios Sole,186 KB,0,0,,,.yeyo-memory/cards/620500fef184d07a.json,
needs_ocr_or_empty,Helios Sole/Helios I/5.10 AT/Líneas 15 kV/110523 Formulario solicitud APS ínea 15kV.pdf,pdf,Helios Sole,2.2 MB,0,0,,,.yeyo-memory/cards/5e129bf365dc652c.json,
needs_ocr_or_empty,Helios Sole/Helios I/5.10 AT/Líneas 15 kV/110524 Plano Línea.pdf,pdf,Helios Sole,40 MB,0,0,,,.yeyo-memory/cards/58856d4360f5f3e6.json,
needs_ocr_or_empty,Helios Sole/Helios I/5.10 AT/Líneas 15 kV/110607 Plano Línea Valeriano Lorenzo.pdf,pdf,Helios Sole,6.6 MB,0,0,,,.yeyo-memory/cards/9a7165dc0b562f16.json,
needs_ocr_or_empty,Helios Sole/Helios I/5.10 AT/Líneas 15 kV/110708 Plano Parcelas.pdf,pdf,Helios Sole,293 KB,0,0,,,.yeyo-memory/cards/25231783eab08a3e.json,
needs_ocr_or_empty,Helios Sole/Helios I/5.10 AT/Líneas 15 kV/120227 Solicitud baja instalaciones.pdf,pdf,Helios Sole,42 KB,0,0,,,.yeyo-memory/cards/fc019ed7bb220e02.json,
needs_ocr_or_empty,Helios Sole/Helios I/5.10 AT/Líneas 15 kV/Cambio titularidad/111115 Boletín baja tensión.pdf,pdf,Helios Sole,410 KB,0,0,,,.yeyo-memory/cards/003c8852ec10bd4b.json,
needs_ocr_or_empty,Helios Sole/Helios I/5.10 AT/Líneas 15 kV/Cambio titularidad/Línea 15 kV.pdf,pdf,Helios Sole,13 MB,0,0,,,.yeyo-memory/cards/cb10fed04ab1bde4.json,
needs_ocr_or_empty,Helios Sole/Helios I/5.10 AT/Líneas 15 kV/Lineas 15 kV.pdf,pdf,Helios Sole,242 KB,0,0,,,.yeyo-memory/cards/5743732704fe3d17.json,
needs_ocr_or_empty,Helios Sole/Helios I/5.10 AT/Líneas 15 kV/Plano 15 kV.pdf,pdf,Helios Sole,13 MB,0,0,,,.yeyo-memory/cards/48305fe8e1183d58.json,
needs_ocr_or_empty,Helios Sole/Helios I/5.10 AT/Líneas 15 kV/Proyectos 15kV Masa/Proyecto ampliación A.pdf,pdf,Helios Sole,2.6 MB,0,0,,,.yeyo-memory/cards/982fb955ee99105f.json,
needs_ocr_or_empty,Helios Sole/Helios I/5.10 AT/Líneas 15 kV/Proyectos 15kV Masa/Proyecto ampliación B.pdf,pdf,Helios Sole,2.8 MB,0,0,,,.yeyo-memory/cards/08bee407cda7f2ba.json,
needs_ocr_or_empty,Helios Sole/Helios I/5.10 AT/Líneas 15 kV/Proyectos 15kV Masa/Proyecto ampliación C.pdf,pdf,Helios Sole,2.0 MB,0,0,,,.yeyo-memory/cards/bd018ba38aa251aa.json,
needs_ocr_or_empty,Helios Sole/Helios I/5.7 Instalaciones NM/5.7.1 BT/5.7.1.1 Proyecto.pdf,pdf,Helios Sole,21 MB,0,0,,,.yeyo-memory/cards/d78697e42e7bbfe2.json,
needs_ocr_or_empty,Helios Sole/Helios I/5.7 Instalaciones NM/5.7.1 BT/5.7.1.2 CDO.pdf,pdf,Helios Sole,1.3 MB,0,0,,,.yeyo-memory/cards/f325b0b947482c46.json,
needs_ocr_or_empty,Helios Sole/Helios I/5.7 Instalaciones NM/5.7.1 BT/5.7.1.3 CIBT.pdf,pdf,Helios Sole,2.2 MB,0,0,,,.yeyo-memory/cards/d028bf758f5b68a2.json,
needs_ocr_or_empty,Helios Sole/Helios I/5.7 Instalaciones NM/5.7.1 BT/5.7.1.4 Acreditacion instalador.pdf,pdf,Helios Sole,360 KB,0,0,,,.yeyo-memory/cards/d51c4e1b1751dd2b.json,
needs_ocr_or_empty,Helios Sole/Helios I/5.7 Instalaciones NM/5.7.1 BT/5.7.1.5 Cert OCA.pdf,pdf,Helios Sole,2.2 MB,0,0,,,.yeyo-memory/cards/f2fc7824bfb15d9e.json,
needs_ocr_or_empty,Helios Sole/Helios I/5.7 Instalaciones NM/5.7.1 BT/5.7.1.6 Formulario PS.pdf,pdf,Helios Sole,11 MB,0,0,,,.yeyo-memory/cards/48f205a2d4c0cd88.json,
needs_ocr_or_empty,Helios Sole/Helios I/5.7 Instalaciones NM/5.7.2 EP/5.7.2.1 Proyecto.pdf,pdf,Helios Sole,21 MB,0,0,,,.yeyo-memory/cards/9a0314589319f584.json,
needs_ocr_or_empty,Helios Sole/Helios I/5.7 Instalaciones NM/5.7.2 EP/5.7.2.2 CDO.pdf,pdf,Helios Sole,514 KB,0,0,,,.yeyo-memory/cards/dd19ab277025dd8e.json,
needs_ocr_or_empty,Helios Sole/Helios I/5.7 Instalaciones NM/5.7.2 EP/5.7.2.4 Acreditacion instalador.pdf,pdf,Helios Sole,404 KB,0,0,,,.yeyo-memory/cards/6042895770cf7aba.json,
needs_ocr_or_empty,Helios Sole/Helios I/5.7 Instalaciones NM/5.7.2 EP/5.7.2.5 Formulario PS.pdf,pdf,Helios Sole,11 MB,0,0,,,.yeyo-memory/cards/3259302d7156d15f.json,
needs_ocr_or_empty,Helios Sole/Helios I/5.7 Instalaciones NM/5.7.2 EP/5.7.2.6 APM.pdf,pdf,Helios Sole,80 KB,0,0,,,.yeyo-memory/cards/bfb7668c3d23c1de.json,
needs_ocr_or_empty,Helios Sole/Helios I/5.7 Instalaciones NM/5.7.3 PCI/5.7.3.1 Proyecto.pdf,pdf,Helios Sole,21 MB,0,0,,,.yeyo-memory/cards/c4e144debcf7ded2.json,
needs_ocr_or_empty,Helios Sole/Helios I/5.7 Instalaciones NM/5.7.3 PCI/5.7.3.2 CDO.pdf,pdf,Helios Sole,59 KB,0,0,,,.yeyo-memory/cards/e68ba2f5105a0e17.json,
needs_ocr_or_empty,Helios Sole/Helios I/5.7 Instalaciones NM/5.7.3 PCI/5.7.3.3 Cert instalacion.pdf,pdf,Helios Sole,837 KB,0,0,,,.yeyo-memory/cards/68a01aedb6346557.json,
needs_ocr_or_empty,Helios Sole/Helios I/5.7 Instalaciones NM/5.7.3 PCI/5.7.3.4 Acreditacion instalador.pdf,pdf,Helios Sole,742 KB,0,0,,,.yeyo-memory/cards/240448c1a6a45386.json,
needs_ocr_or_empty,Helios Sole/Helios I/5.7 Instalaciones NM/5.7.3 PCI/5.7.3.5 Formulario PS.pdf,pdf,Helios Sole,11 MB,0,0,,,.yeyo-memory/cards/1d26856252d508cb.json,
needs_ocr_or_empty,Helios Sole/Helios I/5.7 Instalaciones NM/5.7.4 Mod BT/5.7.4.2 CDO.pdf,pdf,Helios Sole,109 KB,0,0,,,.yeyo-memory/cards/737902f6c99d06aa.json,
needs_ocr_or_empty,Helios Sole/Helios I/5.7 Instalaciones NM/5.7.4 Mod BT/5.7.4.3 CIBT.pdf,pdf,Helios Sole,89 KB,0,0,,,.yeyo-memory/cards/1bd35c0dfe92d54a.json,
needs_ocr_or_empty,Helios Sole/Helios I/5.7 Instalaciones NM/5.7.4 Mod BT/5.7.4.4 Acreditacion instalador.pdf,pdf,Helios Sole,360 KB,0,0,,,.yeyo-memory/cards/bef0ad280775a0ca.json,
needs_ocr_or_empty,Helios Sole/Helios I/5.7 Instalaciones NM/5.7.4 Mod BT/5.7.4.5 Cert OCA.pdf,pdf,Helios Sole,210 KB,0,0,,,.yeyo-memory/cards/7e69ccc2df393668.json,
needs_ocr_or_empty,Helios Sole/Helios I/5.7 Instalaciones NM/5.7.4 Mod BT/5.7.4.6 Formulario PS.pdf,pdf,Helios Sole,76 KB,0,0,,,.yeyo-memory/cards/b2c7d0d8abbe59b4.json,
needs_ocr_or_empty,Helios Sole/Helios I/5.7 Instalaciones NM/5.7.5 Mod EP/5.7.5.2 CDO EP.pdf,pdf,Helios Sole,89 KB,0,0,,,.yeyo-memory/cards/e05b28ec91ed0323.json,
needs_ocr_or_empty,Helios Sole/Helios I/5.7 Instalaciones NM/5.7.5 Mod EP/5.7.5.3 Certificado instalacion EP.pdf,pdf,Helios Sole,151 KB,0,0,,,.yeyo-memory/cards/3342d8f553b7f7ff.json,
needs_ocr_or_empty,Helios Sole/Helios I/5.7 Instalaciones NM/5.7.5 Mod EP/5.7.5.4 Acreditacion instalador.pdf,pdf,Helios Sole,404 KB,0,0,,,.yeyo-memory/cards/8916a0d285e40064.json,
needs_ocr_or_empty,Helios Sole/Helios I/5.7 Instalaciones NM/5.7.5 Mod EP/5.7.5.6 Solicitud modificacion.pdf,pdf,Helios Sole,137 KB,0,0,,,.yeyo-memory/cards/a8980475ab20aa6a.json,
needs_ocr_or_empty,Helios Sole/Helios I/5.7 Instalaciones NM/5.7.5 Mod EP/5.7.5.7 Acta puesta marcha.pdf,pdf,Helios Sole,70 KB,0,0,,,.yeyo-memory/cards/a3fe5cc1eac2e59f.json,
needs_ocr_or_empty,Helios Sole/Helios I/5.7 Instalaciones NM/5.7.7 Tanque combustible/5.7.7.1 Memoria de instalacion.pdf,pdf,Helios Sole,166 KB,0,0,,,.yeyo-memory/cards/2209a97bfc430deb.json,
needs_ocr_or_empty,Helios Sole/Helios I/5.7 Instalaciones NM/5.7.7 Tanque combustible/5.7.7.2 Certificado fabricacion tanque.pdf,pdf,Helios Sole,566 KB,0,0,,,.yeyo-memory/cards/268162402eb7513a.json,
needs_ocr_or_empty,Helios Sole/Helios I/5.7 Instalaciones NM/5.7.7 Tanque combustible/5.7.7.4 Solicitud APS.pdf,pdf,Helios Sole,324 KB,0,0,,,.yeyo-memory/cards/e88751e47a5f915d.json,
needs_ocr_or_empty,Helios Sole/Helios I/5.7 Instalaciones NM/5.7.8 Cambio titular/5.7.8.1 Solicitud cambio titular.pdf,pdf,Helios Sole,91 KB,0,0,,,.yeyo-memory/cards/9de22a0d144ecc01.json,
needs_ocr_or_empty,Helios Sole/Helios I/5.7 Instalaciones NM/5.7.8 Cambio titular/5.7.8.2 Cambio titular.pdf,pdf,Helios Sole,246 KB,0,0,,,.yeyo-memory/cards/9f0b24ba0ea709a6.json,
needs_ocr_or_empty,Helios Sole/Helios I/5.8 N2/5.8.1 Proyecto N2 HI.pdf,pdf,Helios Sole,16 MB,0,0,,,.yeyo-memory/cards/c3df802176e5d5d1.json,
needs_ocr_or_empty,Helios Sole/Helios I/5.8 N2/5.8.3 Cert OCA.pdf,pdf,Helios Sole,395 KB,0,0,,,.yeyo-memory/cards/c5aaadd99bf6838d.json,
needs_ocr_or_empty,Helios Sole/Helios I/5.8 N2/5.8.5 DC.pdf,pdf,Helios Sole,311 KB,0,0,,,.yeyo-memory/cards/3b99a0ed0d775883.json,
needs_ocr_or_empty,Helios Sole/Helios I/5.8 N2/5.8.6 Acreditacion instalador.pdf,pdf,Helios Sole,76 KB,0,0,,,.yeyo-memory/cards/20f4aab8880d8cdd.json,
needs_ocr_or_empty,Helios Sole/Helios I/5.8 N2/5.8.7 Carta presentacion doc.pdf,pdf,Helios Sole,76 KB,0,0,,,.yeyo-memory/cards/dc38b3a871b2b9f9.json,
needs_ocr_or_empty,Helios Sole/Helios I/5.8 N2/5.8.8 APM.pdf,pdf,Helios Sole,242 KB,0,0,,,.yeyo-memory/cards/cf56238b9c171805.json,
needs_ocr_or_empty,Helios Sole/Helios I/5.9 BT/5.9.1 BT Planta/5.9.1.3 Cert Instalacion.pdf,pdf,Helios Sole,85 KB,0,0,,,.yeyo-memory/cards/e4ee9f6a4768ff90.json,
needs_ocr_or_empty,Helios Sole/Helios I/5.9 BT/5.9.1 BT Planta/5.9.1.4 Cert Inspeccion.pdf,pdf,Helios Sole,193 KB,0,0,,,.yeyo-memory/cards/edcdfc6094a0c665.json,
needs_ocr_or_empty,Helios Sole/Helios I/5.9 BT/5.9.1 BT Planta/5.9.1.5 Acreditacion BT.pdf,pdf,Helios Sole,1.1 MB,0,0,,,.yeyo-memory/cards/c2923f856a442d95.json,
needs_ocr_or_empty,Helios Sole/Helios I/5.9 BT/5.9.1 BT Planta/5.9.1.6 Formulario BT planta.pdf,pdf,Helios Sole,733 KB,0,0,,,.yeyo-memory/cards/9cc2ad35e8032404.json,
needs_ocr_or_empty,Helios Sole/Helios I/5.9 BT/5.9.2 Pozo 1/5.9.2.2 CDO.pdf,pdf,Helios Sole,120 KB,0,0,,,.yeyo-memory/cards/3bf1a17a0a91ae36.json,
needs_ocr_or_empty,Helios Sole/Helios I/5.9 BT/5.9.2 Pozo 1/5.9.2.3 CIBT.pdf,pdf,Helios Sole,139 KB,0,0,,,.yeyo-memory/cards/6f6366a0daa0b0e2.json,
needs_ocr_or_empty,Helios Sole/Helios I/5.9 BT/5.9.2 Pozo 1/5.9.2.4 Cert OCA.pdf,pdf,Helios Sole,200 KB,0,0,,,.yeyo-memory/cards/288c117b2e5a0e54.json,
needs_ocr_or_empty,Helios Sole/Helios I/5.9 BT/5.9.2 Pozo 1/5.9.2.5 Acreditacion instalador.pdf,pdf,Helios Sole,393 KB,0,0,,,.yeyo-memory/cards/25f58f458765a9e1.json,
needs_ocr_or_empty,Helios Sole/Helios I/5.9 BT/5.9.2 Pozo 1/5.9.2.6 Formulario pozo 1.pdf,pdf,Helios Sole,715 KB,0,0,,,.yeyo-memory/cards/5a25b97b0f54b914.json,
needs_ocr_or_empty,Helios Sole/Helios I/5.9 BT/5.9.2 Pozo 1/5.9.2.8 Presentacion anexo erratas.pdf,pdf,Helios Sole,66 KB,0,0,,,.yeyo-memory/cards/6b0dab6948c3c1a0.json,
needs_ocr_or_empty,Helios Sole/Helios I/5.9 BT/5.9.3 Pozo 2/5.9.3.2 CDO.pdf,pdf,Helios Sole,122 KB,0,0,,,.yeyo-memory/cards/cd80b012f66c82a6.json,
needs_ocr_or_empty,Helios Sole/Helios I/5.9 BT/5.9.3 Pozo 2/5.9.3.3 C Instalacion.pdf,pdf,Helios Sole,142 KB,0,0,,,.yeyo-memory/cards/1ac993358f21c610.json,
needs_ocr_or_empty,Helios Sole/Helios I/5.9 BT/5.9.3 Pozo 2/5.9.3.4 Cert OCA.pdf,pdf,Helios Sole,207 KB,0,0,,,.yeyo-memory/cards/bf3d2abe529160ea.json,
needs_ocr_or_empty,Helios Sole/Helios I/5.9 BT/5.9.3 Pozo 2/5.9.3.5 Acreditacion instalador.pdf,pdf,Helios Sole,393 KB,0,0,,,.yeyo-memory/cards/8051517f852c427e.json,
needs_ocr_or_empty,Helios Sole/Helios I/5.9 BT/5.9.3 Pozo 2/5.9.3.6 Formulario pozo 2.pdf,pdf,Helios Sole,710 KB,0,0,,,.yeyo-memory/cards/0c511241e583f707.json,
needs_ocr_or_empty,Helios Sole/Helios I/5.9 BT/5.9.4 Pozo 3/5.9.4.2 CDO.pdf,pdf,Helios Sole,122 KB,0,0,,,.yeyo-memory/cards/780598edc9fe5a45.json,
needs_ocr_or_empty,Helios Sole/Helios I/5.9 BT/5.9.4 Pozo 3/5.9.4.3 C Instalacion.pdf,pdf,Helios Sole,138 KB,0,0,,,.yeyo-memory/cards/40af81abe2cd1281.json,
needs_ocr_or_empty,Helios Sole/Helios I/5.9 BT/5.9.4 Pozo 3/5.9.4.4 Cert OCA.pdf,pdf,Helios Sole,210 KB,0,0,,,.yeyo-memory/cards/e779b72b9887f2b9.json,
needs_ocr_or_empty,Helios Sole/Helios I/5.9 BT/5.9.4 Pozo 3/5.9.4.5 Acreditacion instalador.pdf,pdf,Helios Sole,393 KB,0,0,,,.yeyo-memory/cards/4ff6e1023571522d.json,
needs_ocr_or_empty,Helios Sole/Helios I/5.9 BT/5.9.4 Pozo 3/5.9.4.6 Formulario pozo 3.pdf,pdf,Helios Sole,723 KB,0,0,,,.yeyo-memory/cards/c74e86c48879780a.json,
needs_ocr_or_empty,Helios Sole/Helios I/5.9 BT/5.9.5 Pozo 4/5.9.5.2 CDO.pdf,pdf,Helios Sole,124 KB,0,0,,,.yeyo-memory/cards/80423cc08ccbbc18.json,
needs_ocr_or_empty,Helios Sole/Helios I/5.9 BT/5.9.5 Pozo 4/5.9.5.3 C Instalacion.pdf,pdf,Helios Sole,139 KB,0,0,,,.yeyo-memory/cards/96b63b47222cf3e4.json,
needs_ocr_or_empty,Helios Sole/Helios I/5.9 BT/5.9.5 Pozo 4/5.9.5.4 Cert OCA.pdf,pdf,Helios Sole,205 KB,0,0,,,.yeyo-memory/cards/ab62fb74db097bd0.json,
needs_ocr_or_empty,Helios Sole/Helios I/5.9 BT/5.9.5 Pozo 4/5.9.5.5 Acreditacion instalador.pdf,pdf,Helios Sole,393 KB,0,0,,,.yeyo-memory/cards/26b812265c19cf2c.json,
needs_ocr_or_empty,Helios Sole/Helios I/5.9 BT/5.9.5 Pozo 4/5.9.5.6 Formulario pozo 4.pdf,pdf,Helios Sole,723 KB,0,0,,,.yeyo-memory/cards/844f0c8afa22408f.json,
needs_ocr_or_empty,Helios Sole/Helios I/5.9 BT/5.9.6 Pozo 5/5.9.6.3 CIBT.pdf,pdf,Helios Sole,138 KB,0,0,,,.yeyo-memory/cards/78e4cd2c203436dd.json,
needs_ocr_or_empty,Helios Sole/Helios I/5.9 BT/5.9.6 Pozo 5/5.9.6.4 Cert OCA.pdf,pdf,Helios Sole,1.4 MB,0,0,,,.yeyo-memory/cards/0536f35596e71179.json,
needs_ocr_or_empty,Helios Sole/Helios I/5.9 BT/5.9.6 Pozo 5/5.9.6.5 Acreditacion instalador.pdf,pdf,Helios Sole,393 KB,0,0,,,.yeyo-memory/cards/11ca2b08d1460e7c.json,
needs_ocr_or_empty,Helios Sole/Helios I/5.9 BT/5.9.6 Pozo 5/5.9.6.6 Formulario PM pozo 5.pdf,pdf,Helios Sole,689 KB,0,0,,,.yeyo-memory/cards/183bdbdf17f72801.json,
needs_ocr_or_empty,Helios Sole/Helios I/5.9 BT/5.9.7 Pozo 6/CFO Visado Bombeo Helios.pdf,pdf,Helios Sole,212 KB,0,0,,,.yeyo-memory/cards/1e426649632028e4.json,
needs_ocr_or_empty,Helios Sole/Helios I/5.9 BT/5.9.7 Pozo 6/CIEBT.pdf,pdf,Helios Sole,97 KB,0,0,,,.yeyo-memory/cards/c34a4bb5758db546.json,
needs_ocr_or_empty,Helios Sole/Helios I/5.9 BT/5.9.7 Pozo 6/Proyecto Electrico Helios Visado 03.03.16.pdf,pdf,Helios Sole,10 MB,0,0,,,.yeyo-memory/cards/1b9d94bd9b54cb15.json,
needs_ocr_or_empty,Helios Sole/Helios I/5.9 BT/5.9.8 Arqueton Balsa/5.9.7.3 CIBT.pdf,pdf,Helios Sole,137 KB,0,0,,,.yeyo-memory/cards/420f0b70800db147.json,
needs_ocr_or_empty,Helios Sole/Helios I/5.9 BT/5.9.8 Arqueton Balsa/5.9.7.4 Cert OCA.pdf,pdf,Helios Sole,1.4 MB,0,0,,,.yeyo-memory/cards/853154a016261bc1.json,
needs_ocr_or_empty,Helios Sole/Helios I/5.9 BT/5.9.8 Arqueton Balsa/5.9.7.5 Acreditacion instalador.pdf,pdf,Helios Sole,393 KB,0,0,,,.yeyo-memory/cards/896f46e8b7615543.json,
needs_ocr_or_empty,Helios Sole/Helios I/5.9 BT/5.9.8 Arqueton Balsa/5.9.7.6 Formulario PM.pdf,pdf,Helios Sole,715 KB,0,0,,,.yeyo-memory/cards/076f0cbc0216bf8a.json,
needs_ocr_or_empty,Helios Sole/Helios II/3.3.1 Resolucion DIA HII.pdf,pdf,Helios Sole,6.1 MB,0,0,,,.yeyo-memory/cards/cca6fb620fcbcb4e.json,
needs_ocr_or_empty,Helios Sole/Helios II/3.3.3 Acta señalamiento HII.pdf,pdf,Helios Sole,816 KB,0,0,,,.yeyo-memory/cards/d9040aba9b17602a.json,
needs_ocr_or_empty,Helios Sole/Helios II/3.3.4 Cumplimiento DIA HII.pdf,pdf,Helios Sole,1.9 MB,0,0,,,.yeyo-memory/cards/758c6f3ae26aa9a6.json,
needs_ocr_or_empty,Helios Sole/Helios II/3.3.5 DIA balsa.pdf,pdf,Helios Sole,2.8 MB,0,0,,,.yeyo-memory/cards/1df261629e6bc936.json,
needs_ocr_or_empty,Helios Sole/Helios II/5.10 AT/5.10.1 LSAT HII/5.10.1.3 CIAT LSAT HII.pdf,pdf,Helios Sole,330 KB,0,0,,,.yeyo-memory/cards/57e4ee4b3b2da9ed.json,
needs_ocr_or_empty,Helios Sole/Helios II/5.10 AT/5.10.1 LSAT HII/5.10.1.4 OCA LSAT HII.pdf,pdf,Helios Sole,981 KB,0,0,,,.yeyo-memory/cards/6f24ffccd7bbf0aa.json,
needs_ocr_or_empty,Helios Sole/Helios II/5.10 AT/5.10.1 LSAT HII/5.10.1.5 Acreditacion AT.pdf,pdf,Helios Sole,487 KB,0,0,,,.yeyo-memory/cards/fa0211a059543c80.json,
needs_ocr_or_empty,Helios Sole/Helios II/5.10 AT/5.10.1 LSAT HII/5.10.1.6 Contrato Mto AT HII.pdf,pdf,Helios Sole,129 KB,0,0,,,.yeyo-memory/cards/ac95638c61d9dd86.json,
needs_ocr_or_empty,Helios Sole/Helios II/5.10 AT/5.10.1 LSAT HII/5.10.1.7 Formulario APM.pdf,pdf,Helios Sole,338 KB,0,0,,,.yeyo-memory/cards/4796ce590649be15.json,
needs_ocr_or_empty,Helios Sole/Helios II/5.10 AT/5.10.2 SE Elevadora HII/5.10.2.3 CIEAT SE HII.pdf,pdf,Helios Sole,189 KB,0,0,,,.yeyo-memory/cards/a22c8d17a6f8ee01.json,
needs_ocr_or_empty,Helios Sole/Helios II/5.10 AT/5.10.2 SE Elevadora HII/5.10.2.4 Cert PyC HII.pdf,pdf,Helios Sole,5.3 MB,0,0,,,.yeyo-memory/cards/cb96000371981dde.json,
needs_ocr_or_empty,Helios Sole/Helios II/5.10 AT/5.10.2 SE Elevadora HII/5.10.2.5 Acreditacion AT.pdf,pdf,Helios Sole,487 KB,0,0,,,.yeyo-memory/cards/357333c90022da38.json,
needs_ocr_or_empty,Helios Sole/Helios II/5.10 AT/5.10.2 SE Elevadora HII/5.10.2.6 Protocolo ensayo.pdf,pdf,Helios Sole,3.7 MB,0,0,,,.yeyo-memory/cards/61d82f2ca6454008.json,
needs_ocr_or_empty,Helios Sole/Helios II/5.10 AT/5.10.2 SE Elevadora HII/5.10.2.7 Contrato Mto AT HII.pdf,pdf,Helios Sole,129 KB,0,0,,,.yeyo-memory/cards/dacf7460ad027293.json,
needs_ocr_or_empty,Helios Sole/Helios II/5.10 AT/5.10.2 SE Elevadora HII/5.10.2.8 Solicitud APM SE Elevadora HII.pdf,pdf,Helios Sole,425 KB,0,0,,,.yeyo-memory/cards/79bd3642e1edaae6.json,
needs_ocr_or_empty,Helios Sole/Helios II/5.10 AT/5.10.3 AT Helios II/5.10.3.3 CIEAT HII.pdf,pdf,Helios Sole,211 KB,0,0,,,.yeyo-memory/cards/f41f461e20aa004b.json,
needs_ocr_or_empty,Helios Sole/Helios II/5.10 AT/5.10.3 AT Helios II/5.10.3.5 Acreditacion AT.pdf,pdf,Helios Sole,487 KB,0,0,,,.yeyo-memory/cards/0eac2fc59421f933.json,
needs_ocr_or_empty,Helios Sole/Helios II/5.10 AT/5.10.3 AT Helios II/5.10.3.6 Prot ensayos.pdf,pdf,Helios Sole,6.9 MB,0,0,,,.yeyo-memory/cards/c6929e74f457a9c6.json,
needs_ocr_or_empty,Helios Sole/Helios II/5.10 AT/5.10.3 AT Helios II/5.10.3.7 Contrato Mto AT HII.pdf,pdf,Helios Sole,129 KB,0,0,,,.yeyo-memory/cards/998261b7e2808b4f.json,
needs_ocr_or_empty,Helios Sole/Helios II/5.10 AT/5.10.3 AT Helios II/5.10.3.8 Solicitud APM AT HII .pdf,pdf,Helios Sole,339 KB,0,0,,,.yeyo-memory/cards/89ebc7eb683731bb.json,
needs_ocr_or_empty,Helios Sole/Helios II/5.8 N2/5.8.1 Poyecto N2.pdf,pdf,Helios Sole,12 MB,0,0,,,.yeyo-memory/cards/e4cdf5dc84ad7820.json,
needs_ocr_or_empty,Helios Sole/Helios II/5.8 N2/5.8.3 Cert OCA.pdf,pdf,Helios Sole,637 KB,0,0,,,.yeyo-memory/cards/6e3c2f8705b2315c.json,
needs_ocr_or_empty,Helios Sole/Helios II/5.8 N2/5.8.5 DC.pdf,pdf,Helios Sole,1.3 MB,0,0,,,.yeyo-memory/cards/23588cd7cb8c3394.json,
needs_ocr_or_empty,Helios Sole/Helios II/5.8 N2/5.8.6 Acreditacion instalador.pdf,pdf,Helios Sole,76 KB,0,0,,,.yeyo-memory/cards/f9eccb130291e82f.json,
needs_ocr_or_empty,Helios Sole/Helios II/5.8 N2/5.8.7 Carta presentacion.pdf,pdf,Helios Sole,84 KB,0,0,,,.yeyo-memory/cards/67c1380e17523488.json,
needs_ocr_or_empty,Helios Sole/Helios II/5.8 N2/5.8.8 APM HII.pdf,pdf,Helios Sole,241 KB,0,0,,,.yeyo-memory/cards/a7c04fb1c7001406.json,
needs_ocr_or_empty,Helios Sole/Helios II/5.9 BT/5.9.1 Planta/5.9.1.3 CIBT HII.pdf,pdf,Helios Sole,86 KB,0,0,,,.yeyo-memory/cards/dce4f93dbabbc426.json,
needs_ocr_or_empty,Helios Sole/Helios II/5.9 BT/5.9.1 Planta/5.9.1.4 Cert OCA.pdf,pdf,Helios Sole,195 KB,0,0,,,.yeyo-memory/cards/1962be7d5845ac08.json,
needs_ocr_or_empty,Helios Sole/Helios II/5.9 BT/5.9.1 Planta/5.9.1.5 Acreditacion BT.pdf,pdf,Helios Sole,1.1 MB,0,0,,,.yeyo-memory/cards/757f5110bf12b529.json,
needs_ocr_or_empty,Helios Sole/Helios II/5.9 BT/5.9.1 Planta/5.9.1.6 Formulario PS.pdf,pdf,Helios Sole,1.1 MB,0,0,,,.yeyo-memory/cards/91433feb15f29edd.json,
needs_ocr_or_empty,Helios Sole/LSAT - LAAT Helios I/1.6.15 LO_LA ASJ SE Col.pdf,pdf,Helios Sole,461 KB,0,0,,,.yeyo-memory/cards/15c01c6c9fa3c54e.json,
needs_ocr_or_empty,Helios Sole/LSAT - LAAT Helios I/120120 Sol. APM LSAT Helios I.pdf,pdf,Helios Sole,371 KB,0,0,,,.yeyo-memory/cards/b034b27bac42c5f6.json,
needs_ocr_or_empty,Helios Sole/Línea 15 kV/110516 Línea particular MT.pdf,pdf,Helios Sole,4.2 MB,0,0,,,.yeyo-memory/cards/7286a81b96e88a74.json,
needs_ocr_or_empty,Helios Sole/Línea 15 kV/110526 BT Casetas de obra.pdf,pdf,Helios Sole,2.0 MB,0,0,,,.yeyo-memory/cards/39a1c1d817704248.json,
needs_ocr_or_empty,Helios Sole/Línea 15 kV/110719 APM Línea 15 kV.pdf,pdf,Helios Sole,179 KB,0,0,,,.yeyo-memory/cards/de6cf17861d33aea.json,
needs_ocr_or_empty,Helios Sole/Línea 15 kV/111115 Boletín baja tensión.pdf,pdf,Helios Sole,410 KB,0,0,,,.yeyo-memory/cards/f6073d0f0fb8847d.json,
needs_ocr_or_empty,Helios Sole/Línea 15 kV/120227 Helios I Remisión Justificación AT.pdf,pdf,Helios Sole,392 KB,0,0,,,.yeyo-memory/cards/2a9bba4df2dc4895.json,
needs_ocr_or_empty,Helios Sole/Línea 15 kV/120312 Helios I Cambio titular línea 15 kV.pdf,pdf,Helios Sole,348 KB,0,0,,,.yeyo-memory/cards/988af6d6dcb63d65.json,
needs_ocr_or_empty,Helios Sole/SE Colectora/120117 Helios I Línea 15 kV suministro auxiliar.pdf,pdf,Helios Sole,250 KB,0,0,,,.yeyo-memory/cards/996a78ee46bb3d97.json,
needs_ocr_or_empty,Helios Sole/SE Colectora/2046-PLN-INA-23-22-0001 Principal y redundante Helios I.pdf,pdf,Helios Sole,178 KB,0,0,2046-PLN-INA-23-22-0001,,.yeyo-memory/cards/9629b1d72d8027bb.json,
needs_ocr_or_empty,Helios Sole/SE Colectora/2046-PLN-INA-23-22-0002 Principal y redundante Helios II.pdf,pdf,Helios Sole,184 KB,0,0,2046-PLN-INA-23-22-0002,,.yeyo-memory/cards/f4cd58feae84c5d4.json,
needs_ocr_or_empty,Helios Sole/SE Colectora/2046-PLN-INA-23-22-0003 Principal y comprobante.pdf,pdf,Helios Sole,189 KB,0,0,2046-PLN-INA-23-22-0003,,.yeyo-memory/cards/5dbd20f4c7d51ebc.json,
needs_ocr_or_empty,Helios Sole/SE Colectora/2046-PLN-INA-23-22-0101 rev 00 Unifilar general.pdf,pdf,Helios Sole,202 KB,0,0,2046-PLN-INA-23-22-0101,rev 00,.yeyo-memory/cards/5b8e223159dcf578.json,
needs_ocr_or_empty,Helios Sole/SE Colectora/2046-PLN-INA-23-22-0101 rev 01 Unifilar general.pdf,pdf,Helios Sole,292 KB,0,0,2046-PLN-INA-23-22-0101,rev 01,.yeyo-memory/cards/ff08ccfeb66f6099.json,
needs_ocr_or_empty,Helios Sole/SE Colectora/E87-15-3005-SE-021-000001 rev 00 Unifilar general.pdf,pdf,Helios Sole,202 KB,0,0,,rev 00,.yeyo-memory/cards/8444678e446af6e8.json,
needs_ocr_or_empty,Helios Sole/SE Colectora/E87-15-3005-SE-022-000002 rev 01 Línea L1 Helios I.pdf,pdf,Helios Sole,2.5 MB,0,0,,rev 01,.yeyo-memory/cards/e326be062cc11ba6.json,
needs_ocr_or_empty,Helios Sole/SE Colectora/E87-15-3005-SE-022-000003 rev 01 Línea L2 Helios II.pdf,pdf,Helios Sole,2.5 MB,0,0,,rev 01,.yeyo-memory/cards/b764917b61f3728a.json,
needs_ocr_or_empty,Helios Sole/SE Colectora/E87-15-3005-SE-022-000004 rev 01 Línea L3 Arenas de San Juan.pdf,pdf,Helios Sole,3.2 MB,0,0,,rev 01,.yeyo-memory/cards/5a36b3a89abd2777.json,
needs_ocr_or_empty,Helios Sole/SE Elevadora Helios II/120213 Solicitud APM SE Elevadora HII.pdf,pdf,Helios Sole,425 KB,0,0,,,.yeyo-memory/cards/0fa914cb58e38735.json,
needs_ocr_or_empty,Planos Solana/Foundations/4521-PLN-PRT-39-52-0001.pdf,pdf,Planos Solana,713 KB,0,0,4521-PLN-PRT-39-52-0001,,.yeyo-memory/cards/7a042af6c317979e.json,
needs_ocr_or_empty,Planos Solana/Foundations/4521-PLN-PRT-39-52-0002.pdf,pdf,Planos Solana,800 KB,0,0,4521-PLN-PRT-39-52-0002,,.yeyo-memory/cards/9edc719ffe89d812.json,
needs_ocr_or_empty,Planos Solana/Foundations/4521-PLN-PRT-39-52-0003.pdf,pdf,Planos Solana,690 KB,0,0,4521-PLN-PRT-39-52-0003,,.yeyo-memory/cards/97ed17e760e58bd3.json,
needs_ocr_or_empty,Planos Solana/Foundations/4521-PLN-PRT-39-52-0004.pdf,pdf,Planos Solana,743 KB,0,0,4521-PLN-PRT-39-52-0004,,.yeyo-memory/cards/4b91693986cfdbae.json,
needs_ocr_or_empty,Planos Solana/Foundations/4521-PLN-PRT-39-52-0005.pdf,pdf,Planos Solana,790 KB,0,0,4521-PLN-PRT-39-52-0005,,.yeyo-memory/cards/987d1040fdc39a92.json,
needs_ocr_or_empty,Planos Solana/Foundations/4521-PLN-PRT-39-52-0006.pdf,pdf,Planos Solana,771 KB,0,0,4521-PLN-PRT-39-52-0006,,.yeyo-memory/cards/ee1f5dcda7429383.json,
needs_ocr_or_empty,Planos Solana/Foundations/4521-PLN-PRT-39-52-0007.pdf,pdf,Planos Solana,715 KB,0,0,4521-PLN-PRT-39-52-0007,,.yeyo-memory/cards/14cdab51a4ab0f4d.json,
needs_ocr_or_empty,Planos Solana/Foundations/4521-PLN-PRT-39-52-0008.pdf,pdf,Planos Solana,797 KB,0,0,4521-PLN-PRT-39-52-0008,,.yeyo-memory/cards/85e039634473ec93.json,
needs_ocr_or_empty,Planos Solana/Foundations/4521-PLN-PRT-39-52-0009.pdf,pdf,Planos Solana,789 KB,0,0,4521-PLN-PRT-39-52-0009,,.yeyo-memory/cards/78f486b0f2a707cb.json,
needs_ocr_or_empty,Planos Solana/Foundations/4521-PLN-PRT-39-52-0010.pdf,pdf,Planos Solana,706 KB,0,0,4521-PLN-PRT-39-52-0010,,.yeyo-memory/cards/854a2b4b1e4481ad.json,
needs_ocr_or_empty,Planos Solana/Foundations/unlocked/4521-PLN-PRT-39-52-0001_unlocked.pdf,pdf,Planos Solana,646 KB,0,0,4521-PLN-PRT-39-52-,,.yeyo-memory/cards/506bb59d207d4587.json,
needs_ocr_or_empty,Planos Solana/Foundations/unlocked/4521-PLN-PRT-39-52-0002_unlocked.pdf,pdf,Planos Solana,734 KB,0,0,4521-PLN-PRT-39-52-,,.yeyo-memory/cards/37d5db13a6e3a66f.json,
needs_ocr_or_empty,Planos Solana/Foundations/unlocked/4521-PLN-PRT-39-52-0003_unlocked.pdf,pdf,Planos Solana,624 KB,0,0,4521-PLN-PRT-39-52-,,.yeyo-memory/cards/43a08bba83a1f3c6.json,
needs_ocr_or_empty,Planos Solana/Foundations/unlocked/4521-PLN-PRT-39-52-0004_unlocked.pdf,pdf,Planos Solana,676 KB,0,0,4521-PLN-PRT-39-52-,,.yeyo-memory/cards/89d0c2fc46c3a678.json,
needs_ocr_or_empty,Planos Solana/Foundations/unlocked/4521-PLN-PRT-39-52-0005_unlocked.pdf,pdf,Planos Solana,723 KB,0,0,4521-PLN-PRT-39-52-,,.yeyo-memory/cards/97b80582a5892960.json,
needs_ocr_or_empty,Planos Solana/Foundations/unlocked/4521-PLN-PRT-39-52-0006_unlocked.pdf,pdf,Planos Solana,704 KB,0,0,4521-PLN-PRT-39-52-,,.yeyo-memory/cards/18a9b77638015670.json,
needs_ocr_or_empty,Planos Solana/Foundations/unlocked/4521-PLN-PRT-39-52-0007_unlocked.pdf,pdf,Planos Solana,649 KB,0,0,4521-PLN-PRT-39-52-,,.yeyo-memory/cards/f03608b3e0fdb833.json,
needs_ocr_or_empty,Planos Solana/Foundations/unlocked/4521-PLN-PRT-39-52-0008_unlocked.pdf,pdf,Planos Solana,731 KB,0,0,4521-PLN-PRT-39-52-,,.yeyo-memory/cards/62fd76bd74916fe6.json,
needs_ocr_or_empty,Planos Solana/Foundations/unlocked/4521-PLN-PRT-39-52-0009_unlocked.pdf,pdf,Planos Solana,723 KB,0,0,4521-PLN-PRT-39-52-,,.yeyo-memory/cards/7f89899bea9e335e.json,
needs_ocr_or_empty,Planos Solana/Foundations/unlocked/4521-PLN-PRT-39-52-0010_unlocked.pdf,pdf,Planos Solana,639 KB,0,0,4521-PLN-PRT-39-52-,,.yeyo-memory/cards/461a90829a38531c.json,
needs_ocr_or_empty,Planos Solana/Foundations/unlocked/MERGE.pdf,pdf,Planos Solana,3.2 MB,0,0,,,.yeyo-memory/cards/b035c9eb64a5f289.json,
